"Tulsi Chanrai Foundation (TCF): Mission For Primary Health, Vision And Water https://t.co/39d1lNvUV1"
https://t.co/oPcjiqfIc0 #SuperDeals #AliExpress 1pcs Brief Modern Water Drop Shot Hanging Hooks For Coat Hat Bag Um‚Ä¶ https://t.co/84qUy5VAYx
"What could we use to dash it anyway, holy water? https://t.co/VspiqW3kTs"
"RT @nikeshshukla: 4) Okay you're done. Have a sip of water. Stay hydrated. And if you're in Bristol, see me and @jonathancoe at Arnolfini a‚Ä¶"
RT @VicariousPotato: When the chemicals in the water hit u https://t.co/LVHHugg3N8
RT @hesnhc: I PUT LIAM AND LOUIS' PART IN ‚ÄúBRIDGE OVER TROUBLED WATER‚Äù TOGETHER AND IT SOUNDS SO PRECIOUS. https://t.co/DHUYCR9Twa
Take me there.... where sand is forgotten and water is beautiful!... Then leave me there. I don't want to come back https://t.co/hU0NIHbrus
"RT @common: ""Instead of educate, they'd rather convict this kids. As dirty as the water in Flint, the system is.""(c) Me-Black America Again‚Ä¶"
"RT @dramafever: COMING SOON: #TheBrideofHabaek, starring #NamJooHyuk, #ShinSeKyung, #KrystalJung, and #GongMyung-&gt;https://t.co/H9GocFTulX h‚Ä¶"
This boat floats over oyster bars in 6 inches of water! https://t.co/3EreZmqnzx
If you are looking for outboard power&gt; this is a feature you must read! https://t.co/d6JoscQQO0
"RT @snowberrytae: Seokjin sending flying kiss under water while scuba diving, he's on a whole new level https://t.co/wqh6qvvuYg"
Stalking redfish in skinny water&gt; Gets your heart racing! https://t.co/7No5cmwRcw
... i left the room to get a giant glass of water but came back with orange juice does oj hydrate ur body
"RT @snowberrytae: Seokjin sending flying kiss under water while scuba diving, he's on a whole new level https://t.co/wqh6qvvuYg"
"""Yes, it IS fizzy water, but you know I like Pellegrino...I'll come back when you learn how to read a goddamn shopp‚Ä¶ https://t.co/CKiSc7KS5M"
RT @SJha1618: Floating Docks enable navies to extend dry dock facilities to ships even in water that is 25 metres deep.
@johnneh alternatives - a frozen water bottle or a bag of ice cubes (also wrapped in a tea towel). Obviously avoid the gentlemen area ;)
"RT @ArtPicsChannel: Water Lilies, 1919 by Claude Monet https://t.co/ECIWp3uWrX"
"RT @LPValentine: Dear #DayOfRage protesters, the cops looking after you may not have any water. Please help out where you can. Failed by th‚Ä¶"
"RT @snowberrytae: Seokjin sending flying kiss under water while scuba diving, he's on a whole new level https://t.co/wqh6qvvuYg"
When you realise that recent WhatsApp updates censored the gun emojii to water gun and are depri af cuz nobody gets your edgy suicide memes
"RT @qwertee: ""Falling Water"" for just 12hr more on https://t.co/PrRul7wbSk ReTweet for chance at FREE TEE! https://t.co/quJwOhG8is"
RT @MindSexGuru: Our ancestors planted a seed in all of us but it's up to us to water that seed and let it grow..
Hhop560 - Hell &amp; High Water_ Ch. 2  - Whiskey Blanket F https://t.co/4ayNQglbEP #callywoodradio #gotwood
"RT @DickKingSmith: In this hot weather, it's important to provide birds with cool clean water. Doing so may attract rare and unusual avians‚Ä¶"
"Let's get cracking then, first stop to find water. #parched https://t.co/kUXY9pzUqr"
RT @SuPriyoBabul: Drinking Water sent Diligently DAILY by #Me2We&amp; #TeamBabulBJP 2 different areas of Asansol‚Ä¢Wil slowly but steadily try &amp;‚Ä¶
"I'm near the river, I'm just looking to the transparent water. I want a break of all those bad days, I want to refresh my mind and be quiet."
"RT @PeterWilliamde1: 13 Troy class yachts about to race on the Fowey river,
Cornish yachts on Cornish water could it get any better?. https‚Ä¶"
RT @hesnhc: I PUT LIAM AND LOUIS' PART IN ‚ÄúBRIDGE OVER TROUBLED WATER‚Äù TOGETHER AND IT SOUNDS SO PRECIOUS. https://t.co/DHUYCR9Twa
RT @UAVInspection: The beautiful #LochAwe on #SummerSolstice2017 at 14.9sq miles it the largest body of fresh water in #argyllandbute https‚Ä¶
"Create a simple water filter
https://t.co/smksNk7BJF
#STEM #EnviroEd https://t.co/007AH4DvKa"
RT @mercola: #Fluoride has no beneficial biological role in the human body and is fundamentally a poison. #health https://t.co/fNvg0SdcXa
RT @austin_courter: Growing up in az we thought there was actual water on the street https://t.co/eSjR4JR0K6
RT @Harinani_: Team #PSPK25 distributing water bottles to the fans who came to see #PawanKalyan during shoot @ saradhi studiosüòçüôè https://t.‚Ä¶
RT @alcohottie: the water is liking people who don't like me back https://t.co/DQQau8JLA8
"RT @dog_rates: Meet Dante. At first he wasn't a fan of his new raincoat, then he saw his reflection. H*ckin handsome. 13/10 for water resis‚Ä¶"
RT @ArifAlvi: I appeal to Khi-ites to please conserve water as 150mgd water shortage after main line burst. Misery upon misery! https://t.c‚Ä¶
RT @HLupdates: #Audio | Louis' part in 'Bridge Over Troubled Water'. https://t.co/BP7Vul4mjs
RT @jessie_davies: Breaking: Webster to convert Tandou from cotton to lamb https://t.co/pQbb88h0DO
"Check out Water: You Are What You Drink‚Äî Michelle Obama‚Äôs New Campaign. https://t.co/7mk48EkHPl #kitchology, #foodallergy"
Heatwave: taps run dry as householders warned to limit #water use as temperatures soar: Telegraph https://t.co/5I4hnoGh1k #environment
RT @chuuzus: Why is it that when you leave hot food out it gets cold but cold food doesn't get hot? but when u leave cold water out it gets‚Ä¶
RT @DrJoshuaPlant: Ample water consumption throughout the day is requisite for MAXIMUM premium tea effect. #NaturalHealthRevolution #zija @‚Ä¶
RT @UrbanPlantLife: @needlenthreaduk Sansevieria are very easy to keep alive. Keep in indirect sunlight and don't water too much.Only water‚Ä¶
How do we get from opportunity in #water to action? The question is easier then the answer. But we can help each ot‚Ä¶ https://t.co/1Di4B2tXfb
"RT @LouisT91Updates: üì≤ | Louis is at 1:36 of the Grenfell Tower charity single. ""I will lay me down."" ‚ù§Ô∏è

June 21, 2017 ‚Ä¢ https://t.co/aKA7‚Ä¶"
"RT @LouisT91Updates: üì≤ | Louis is at 1:36 of the Grenfell Tower charity single. ""I will lay me down."" ‚ù§Ô∏è

June 21, 2017 ‚Ä¢ https://t.co/aKA7‚Ä¶"
RT @Emotional_Oasis: Salt Water Taffy Fused Glass Pendant https://t.co/w4ZwmCIBJF #jetteam #ApricotOrange https://t.co/MlG9xtEdxn
"@MrLender Siam Park In Tenerife, It's an amazing water park and would keep us all cool in the heat!"
RT @jackdre02: Because he's trying to have a conversation with you doesn't mean he wants to sleep with you. Drink water
PepsiCo Is Finally Telling The Dirty Truth About Their Bottled Water https://t.co/2sdrzopz7m
RT @OfficialWith1D: UPDATE || Louis at the studio recording 'Bridge Over Troubled Water' ! https://t.co/vsDjmhKMob
@sashsongz Honestly .üòÇüòÇüòÇ..but I love water that's a different field
"RT @KoloKennethK: #Abuja, beware... There are crocodiles in the water body within Millennium Park. Be. Careful! https://t.co/7kTKqvdaiv"
RT @KiidMaestro: Smoke weed. Eat fruit. Drink water.
"RT @dog_rates: Meet Dante. At first he wasn't a fan of his new raincoat, then he saw his reflection. H*ckin handsome. 13/10 for water resis‚Ä¶"
RT @SBLart: @beanies_masato @masatostudio Also put shallow bowls of water out for wildlife and pets. Don't leave pets or children unattende‚Ä¶
"go now and gulp blue, crisp, water, my hu-man friend!"
"RT @DickKingSmith: In this hot weather, it's important to provide birds with cool clean water. Doing so may attract rare and unusual avians‚Ä¶"
"RT @bastilledan: ""Bridge Over Troubled Water"" is available here: https://t.co/RyunuhdoPf #ArtistsForGrenfell"
"A Quench-filled day in the sun (in both senses - drink lots of water! ... she says as she sips iced coffee, a famou‚Ä¶ https://t.co/8xTqIMlulh"
Drink water and thank me later
"RT @HLupdates: #Update | The Grenfell Tower charity single, 'Bridge Over Troubled Water', is now available in some countries!
https://t.co/‚Ä¶"
"RT @SimonCowell: Tomorrow at 8am across major UK radio stations, you will be able to hear Bridge Over Troubled Water. https://t.co/Bgg8u6oU‚Ä¶"
RT @louisandglitter: louis' water when he showers https://t.co/gnaUJI50Kw
"RT @snowberrytae: Seokjin sending flying kiss under water while scuba diving, he's on a whole new level https://t.co/wqh6qvvuYg"
"RT @Grown1DARG: Ya salio ""Bridge Over Troubled Water""!!
https://t.co/kczQLrDpkl"
Download this ebook now Solar hot water factsheet - ebook https://t.co/pFhi1sk81T #EnergyBook #ebook #project
"RT @LouisT91Updates: üì≤ | Louis is at 1:36 of the Grenfell Tower charity single. ""I will lay me down."" ‚ù§Ô∏è

June 21, 2017 ‚Ä¢ https://t.co/aKA7‚Ä¶"
Hollywood Sinners: Spain's  Punk Launch US West Coast Tour https://t.co/YPCKr8OCbC https://t.co/IZS1ekOrOR share with us have a good week
@firstpost @BeingSalmanKhan @thefreejinn @ContestBoard @Contest_in @contest_world @Contest_Hub @ContestBasket‚Ä¶ https://t.co/XBezg1Hr9j
If I find the first bridge that got water over it I'm calling in to work and telling them I'm not gonna make it
"RT @DickKingSmith: In this hot weather, it's important to provide birds with cool clean water. Doing so may attract rare and unusual avians‚Ä¶"
"RT @Ani_Anitha10: @Aryananthakumar Blue is the favorite color of all people. It's nature's color for water and sky,
53% of the flags in the‚Ä¶"
"Noses are shadow lilies are olive water is sweet, and so on."
"Water Efficiency Strategy, to help address climate change, population &amp; high demands via @Waterwise‚Ä¶ https://t.co/RvhDSZHpKl"
"RT @OfficialWith1D: UPDATE || You can also listen to ""Bridge Over Troubled Water"" on Apple Music!

https://t.co/EV9gaDRVba"
RT @YoItsAdamBro: When da water won't heat up https://t.co/Bj5C7YkGEC
"RT @TheRandomAkh: Leaving food and water whilst fasting for the sake of Allah is a bargain compared to what He gives you in return. Truely,‚Ä¶"
"RT @Cj_Colvinn: We all know instead of water Quavo would've said ""splash"" https://t.co/2zuqzKKuyJ"
"RT @askomiw150: Wetawsultiyeq-(weh-douse-sult-dee-yeag) Our life source, give gratitude for our sacred elements..Air, Earth,Fire &amp;Water #Wi‚Ä¶"
RT @_mikaylaricks: having trouble drinking enough water throughout the day? get a cute water bottle. idk why but i swear it helps
RT @samilarsson: Tap water you‚Äôre doing amazing sweetie https://t.co/NiKw4aXiwz
"RT @louistomitalia: #ArtistsForGrenfell ~ ascolta Bridge Over Troubled Water quiüñ§‚§µÔ∏è
‚Ä¢ iTunes: https://t.co/wNg1Enjyxl
‚Ä¢ Spotify:  https://t‚Ä¶"
RT @UKMoments: Simon Cowell and #ArtistsForGrenfell release Bridge Over Troubled Water to raise money for Grenfell Tower families. https://‚Ä¶
"RT @OfficialWith1D: UPDATE || ""Bridge Over Troubled Water"" is now available on Spotify!

https://t.co/nX7tUq7iGa"
drink more water. eat more fruit. stress less. write more. live longer. love harder. read books. travel far. grow stronger.  suck my dick.
RT @_jinzora: never forget jungkook literally fed jin water after being asked onstage https://t.co/2r4FKb1fGe
"RT @LiamJPFrance: #INFO | Voici le single ""Bridge Over Troubled Water"" en hommage aux victimes de l'incendie Grenfell Tower https://t.co/G6‚Ä¶"
"RT @dog_rates: Meet Dante. At first he wasn't a fan of his new raincoat, then he saw his reflection. H*ckin handsome. 13/10 for water resis‚Ä¶"
"RT @Vandykrish: Cool breezes touching my face‚ù§n cold water touching my feet‚ù§
Nothing can b more relaxing than thisüòç
PS- @Navya_3 am I right‚Ä¶"
Water Gun Blaster Astronaut Back Pack Super Soaker Space Pack Shoots 30 Feet Fun: $18.34End Date: Thursday... https://t.co/9WxiYYGoUF
Speedy cooling down with a nice big drink of water! https://t.co/DwSlTGgpIz
"RT @thegooglefact: Toward the end of your shower, use colder water to wash yourself. This will refresh you and get blood
flowing."
"RT @askomiw150: Psiw Ntulnapemok-(pss-eow-ndole-nah-beh-mg) all my relations. A term used to honour all of creation,animal, earth,water, wi‚Ä¶"
Vintage 1995 Larami Air Pressure Super Soaker XP 105 Water Gun Squirt Toy PARTS: $9.99End Date: Thursday... https://t.co/SdcEgGXphv
Utilities in hot water: Realizing the benefits of grid-integrated water heaters https://t.co/hm6FYkes67 https://t.co/PQhmUC7hSk
#StateOpening  There's no way the Tories will get any of this through. They and their lame duck leader are dead in the water!
"""Just fish moving through water leaving little of permanence behind."" https://t.co/4ORC5ewaEH @hemmingplay https://t.co/rBxNizT0Er"
"RT @catherinemep: Well done, but as a reminder, NEVER give bees honey, only sugar water. https://t.co/L2hjCxqxPc"
"RT @chrisjoleary: IMPORTANT WATER NOTICE 
Due to a Major Water Burst manyareas will be without water today.  See Cork City Now Visit Water.‚Ä¶"
"RT @AlDubBigGirlz: If üíè were water, I will give u ocean If hugs were üçÉ I will give u a üå≤ If life were a üåè I will give u a üí´
üçÉ
@ofctrendsett‚Ä¶"
If you love to fish shallow water&gt; this is a must read! https://t.co/755YrpcpSD
"RT @CookChildrens: It's lake season, have fun but be safe! Make sure your kids are always wearing life jackets. #LifeguardYourChild https:/‚Ä¶"
A quick look at a full day on the water &amp; fishing success https://t.co/LpSEiONn9g RT @Road_Products
"RT @I_m_bedman: When you're done with Sehri, but still try to take another extra glass of water https://t.co/9G9nP4l5RU"
How to Make an Herbalife Formula 1 Shake: F1 + PPP + water + strawberries: https://t.co/AdfKZUYF35
#Pakistan: #Power #breakdown hits #Karachi's water supply
Family of teen who died from brain-eating amoeba sues water park https://t.co/BUnU8QUWUj
I could chug so much ice water
Inside the Knysna inferno: Smoke on The Water ‚Äì what to save when you are about to lose it all By CHRIS DU PLESSIS‚Ä¶ https://t.co/c0kBkbdZmH
"RT @Swimwitheo2: How about @SwimSanity in #paradise ? üòúüí™üåä
¬∞¬∞¬∞¬∞
#HIIT the #beach
¬∞¬∞¬∞¬∞
#leykada #greekislands #hiitworkout #seaside #water #w‚Ä¶"
"RT @StefanodocSM: In the hot season,animals desperately need to drink water but can have serious accidents like this stray dog.Thanks to th‚Ä¶"
"RT @iamwilliewill: karrueche - rap that verse again for me ‚ò∫Ô∏è

quavo - damn I love karrueche water on my wrist look like a jacuzzi (WATER)‚Ä¶"
"RT @LPValentine: Dear #DayOfRage protesters, the cops looking after you may not have any water. Please help out where you can. Failed by th‚Ä¶"
"@HuzzyGamesLoL The heat really doesn't help. A cool shower should help, and lots of water :)"
"RT @BrianElects: On which sprinklers the Tories will invest in: 

Water cannons to disperse protests: 89%
Fire sprinklers to make homes saf‚Ä¶"
RT @1DAdultFan: Louis recording his part for the charity single 'Bridge Over Troubled Water' https://t.co/dmnkqmCL6h
RT @UKMoments: Simon Cowell and #ArtistsForGrenfell release Bridge Over Troubled Water to raise money for Grenfell Tower families. https://‚Ä¶
"RT @EllaEyre: 'Bridge Over Troubled Water' is out now, please help those affected by the devastation of the Grenfell Tower fire - https://t‚Ä¶"
RT @HLupdates: #Audio | Louis' part in 'Bridge Over Troubled Water'. https://t.co/BP7Vul4mjs
"Water Temp:14.6 ¬∞C, Avg Wind:4kts, Gust Dir:250 ¬∞(W), Wave Height:0.4m, Wave Period:3s, Gust:7kts at 21/06/2017 11:43:00"
We are in Plaquemines Parish at Venice Marine where the water is creeping up due to #TropicalStormCindy. https://t.co/ALc2zke3pO
RT @azhumane: Do not let this happen to your dog! This week will be too hot for walks - help your pet burn energy indoors w/ plenty of cool‚Ä¶
"Water Temp:14.7 ¬∞C, Wave Height:0.6m, Wave Period:3s, Gust:7kts, Avg Wind:3kts, Wind Dir:217 ¬∞(SW) at 21/06/2017 11:44:00"
"Water Temp:11.7 ¬∞C, Avg Wind:11kts, Gust:17kts, Wind Dir:144 ¬∞(SE), Gust Dir:156 ¬∞(SE) at 21/06/2017 11:42:00"
"RT @JamesArthur23: #ArtistsForGrenfell 

iTunes: https://t.co/XFIbl0UQbd   
  
Spotify: https://t.co/ZEvQttBPp3 https://t.co/hf7RTwPr8y"
"A stain that never comes off the sheets
Clean me off
I'm so dirty, babe
The kind of dirty where the water never cleans off the clothes"
"Avg Wind:1kts, Gust:5kts, Wind Dir:91 ¬∞(E), Gust Dir:86 ¬∞(E), Water Temp:15.8 ¬∞C at 21/06/2017 11:42:00"
"Avg Wind:8kts, Gust:12kts, Wave Height:0.8m, Wind Dir:200 ¬∞(S), Gust Dir:214 ¬∞(SW), Water Temp:12.4 ¬∞C at 21/06/2017 11:42:00"
Great semi underground water feature in #canarywharf #london #projectexperts https://t.co/gnFkgQAK0D
During #ukheatwave be sure to avoid extreme physical exertion a make sure you drink lots of water to avoid dehydrat‚Ä¶ https://t.co/zqC1H84x4Q
RT @breeeyona: when u tell ur siblings u bout to hop in the shower &amp; the next thing u hear is the bathroom door shut and water running http‚Ä¶
Lapras available until 07:11:36am (26m 41s). Water Gun / Blizzard (11.1% - 0/2/3)  https://t.co/RNvnxRrbzL
"Water Temp:14 ¬∞C, Avg Wind:15kts, Gust:18kts, Wind Dir:171 ¬∞(S), Gust Dir:169 ¬∞(S), Wave Height:0.4m at 21/06/2017 11:44:00"
Live in #Witham #Essex? Book a FREE home visit worth ¬£130 &amp; get over +¬£100 of #water / #energy saving products &gt;&gt;‚Ä¶ https://t.co/WOcBAoH28J
"RT @BNW_Ben: Evaluation of proposal 4 reliable low-cost grid power with 100% wind, water, and solar https://t.co/4znLZqWowL Polite name for‚Ä¶"
"I liked a @YouTube video https://t.co/643oTLbxBE ‚òîÔ∏è Rain On Roof Window Sounds For Sleeping, Relaxing ~ Glass Skylight Water Drops"
Everything's stressing me out. Even the lessons abt managing stress like wtf  that's supposed to help me.....kay i'‚Ä¶ https://t.co/vO3LGQ5th1
Really don't like the advert with the implication that some hunky fruit was banging fizzy water while her husband looked on
"RT @SimonCowell: Tomorrow at 8am across major UK radio stations, you will be able to hear Bridge Over Troubled Water. https://t.co/Bgg8u6oU‚Ä¶"
Extreme cravings for a @Wendys burger rn but I can't even keep water down üò©. üçî So much happiness and flavor üòî
"RT @LouisT91Updates: üì≤ | The single is now also available on Apple Music and Spotify.

Apple: https://t.co/vNP3oXGyGu
Spotify: https://t.co‚Ä¶"
RT @BBC: Stars release cover of Bridge Over Troubled Water for those affected by the #GrenfellTower fire. #ArtistsForGrenfell https://t.co/‚Ä¶
We sell water Dragons https://t.co/traob9ec5W
RT @LouisWTNews: #AUDIO | Listen to Louis' part in the charity single 'Bridge Over Troubled Water' here: https://t.co/4eZM6kSn73
"RT @DickKingSmith: In this hot weather, it's important to provide birds with cool clean water. Doing so may attract rare and unusual avians‚Ä¶"
"RT @qwertee: ""Falling Water"" for just 12hr more on https://t.co/PrRul7wbSk ReTweet for chance at FREE TEE! https://t.co/quJwOhG8is"
