drought was triggered scanty rains,Negative
 little jay understand boo drought rift,Negative
marathwada region among those worst hit by drought,Negative
 nth sorry europe wide research repo revealed common staples threat water scarcity drought developing quot,Negative
 year old katie james tempest like drought emptiness,Negative
 damn jay phone de se chapped slips shy assanklesdryeduaubeedubu aeduaubcedubfubeuduufef my shit drought,Negative
states  hit by drought after two consecutive years of weak monsoon,Negative
suicide rate had already started climbing with the onset of the drought last year,Negative
 million people are affected by drought in India,Negative
 sri less average monsoon actually looks like another year drought year,Negative
 severe drought devastates south europe crops http cox du vw,Negative
 british columbia forest fires control evacuated reason given drought rude dead trees tube,Negative
 year old ever since little sister discovered food colouring b bryan put everything laughing may thought cool ass face drinking pinch water eduaubdedubu,Negative
 baseball is m pessimist sees drought rain optimist sees drought rain outs americas brand,Negative
 camilla cabello follow global response learn fight famine help million people facing starvation due,Negative
 evil grin used new a icle drought identification eastern baltic region using ndvi,Negative
 tone india drought hit farmers tamilnadu back delhi renewed vigour protest farmers,Negative
 brother pouya little pour music coming drought family,Negative
drought impact on farmers only getting worse,Negative
farmer facing low yield because of drought,Negative
 government released funds affected regions where crippling shortage of rainfall forced rationing drinking water some communities,Negative
 government released funds affected regions where crippling shortage of rainfall forced rationing drinking water some communities,Negative
 drought famine natural disaster baby around,Negative
 drought famine natural disaster baby around,Negative
 follow global response learn fight famine help million people facing starvation due,Negative
 gautama also people living drought prone water scarcity region eduaubdedubu,Negative
 people also dying diseases like cholera result drought humanitarian pane rs integrated respon,Negative
 current drought glasgow worst evernote precipitation totals jan to june,Negative
 reuters television severe drought devastates south europe crops http cox du vw,Negative
during every drought there are allegations of corruption,Negative
 ga thara decision telling jubilee pay ok feels blamed failure rain rather failing prepare,Negative
 ryan harkness due political sorrow california since november nth southern california drought abruptly ended threes,Negative
 drought drives huge deadly cobra offered water bottle,Negative
 despite famine scarcity clean water rude cholera epidemic us saudi coalition continues bomb farms rude water pumps,Negative
 bail warned severe drought jaka a post http tcohtgicuhemibanglibali today,Negative
 built ethic know save us awful drought dying,Negative
 reuters television severe drought devastates south europe cropshttpcoupijdlwmfrx,Negative
 changer mindset despite famine scarcity clean water rude cholera epidemic us saudi coalition continues bomb farms rude water pumps heard,Negative
 jamie larsen yes drought taken toll last month would thought fall rye would beet knee today sad,Negative
 rot ski chelsea fans tweet came loved int call ante laughing loud someone initiative drought offensively guys,Negative
maharasraregions were worst hit by the drought and have also been impacted by unseasonal rain,Negative
 drought hit farmers tamilnadu back delhi renewed vigour protest farmers,Negative
drought kills large amount of farmers,Negative
 iraq slides toward state failure us bright military violence climate change water scarcity rude energy volatility,Negative
Drought is arguably the biggest single threat from climate change,Negative
 europe wide research repo revealed common staples threat water scarcity drought developing world,Negative
the poor rain points meterological drought,Negative
 watch drought drought asks capetown vloggerhttpcorehokxcef,Negative
maharastra farmers facing severe agrarian distress due to drought,Negative
drought kills,Negative
 kith hair kastelorizo grins less end water scarcity old st cascade effect high tourist demand climate desalination failure sim nexus,Negative
 kanye best drought drives huge deadly cobra offered water bottle,Negative
 madison carver drought famine natural disaster baby around,Negative
 madison carver drought famine natural disaster baby around,Negative
 drought is ah killer eduaubdedubueduaubeedubu aeduaubcedubfubeuduufef,Negative
 severe drought devastates south europe crops http cosmo mmp,Negative
 byu lies us your fan need sec endure therein katherine drought month edu aube edu bu,Negative
 kirenrijijupemakhandubjp thus hypocrisy first farmers lost everything due drought,Negative
 severe drought devastates south europe crops http cosmo tm mp see,Negative
 severe drought devastates south europe cropshttpcoupijdlwmfrx,Negative
 japan times heat drought feed wildfires across italy threatening beaches near rome,Negative
 tone green planet foot king cobra desperate escape drought gently drinks water bottle,Negative
 widespread drought followed by freak rains and hailstorms pushed many farmers over edge,Negative
