 festival season got bank account dryer california drought hop escape payment plan,Neutral
 heat drought feed wildfires italy beaches near threatened httpcoxkpgshxpeg,Neutral
ground water depletion signals hydrological drought,Neutral
 times live watch drought drought asks capetown vloggerhttpcorehokxcef,Neutral
 attention knowledge podcast future climate induced drought water scarcity interest f,Neutral
 drought never cites,Neutral
 heat drought feed wildfires italy beaches near threatened httpcohesszxqz,Neutral
 heat drought feed wildfires italy beaches near threatened italian,Neutral
 drought worst,Neutral
 systemic failure million californians lack safe drinking water,Neutral
drop yield means we have agricultural drought,Neutral
 ashok geh lot our govt made eff os ensure farmer sleep without meal drought rare got failed provide,Neutral
 dram ian esque main man ended our year trophy drought brought silverware back old trafford eduaubdedubue,Neutral
 fake u cloud brings rain crops drought,Neutral
 drought eduaubdedubua,Neutral
 tog steep fights doubts got thankful rain cause got drought,Neutral
 want news raider baseball ends year drought beat huskies sectional final http co room wxt i,Neutral
 former eve on captain phi neville firmly believe swayne rooney end toffees trophy drought ef cpl,Neutral
 oh drought never cites,Neutral
 objections world kannada meet amidst drought,Neutral
 black pink active omg the month drought woh,Neutral
 bringing rain crops long drought also known bringing music uslonghiatuseduaubdedubu,Neutral
 sec rules top updating demands cloud bringing rain crops clique drought new music,Neutral
 soulmates keep touch deserve drought millions us like army s actually streaming http co,Neutral
 dam safety questioned residents flood failure zone,Neutral
 rain crops drought j trough,Neutral
 citron drought long eduaubdedubu,Neutral
 instant message used sex everyday eduaubdedubu drought city,Neutral
 ftp friendly fire bears went serious drought linebacker position hats though,Neutral
 en weirs drought issues,Neutral
 instant message dry spell major drought eduaubeedubuaeduaubcedub fubduduufefeduaubeedubub eduaubcedubfubduduufefed uaubdedubueduaubdedubu,Neutral
 reading water footprint nice repo vulnerabilities eu economy global water scarcity drought cocoa included,Neutral
 neville rooney end ever tons trophy drought former toffees captain thinks england time leading,Neutral
 heat drought feed wildfires italy beaches near threatened http co playing btz c,Neutral
 ida want drought eduaubdedubua,Neutral
 love drought crazy edu aubdedubuaeduaubdedubuae duaubdedubuaeduaubdedubu a,Neutral
 attention somalia see fishing helping somali youth prevent famine communities drought,Neutral
 attention somalia see fishing helping somali youth prevent famine communities drought,Neutral
 la a james how dare that ng run mouth pockets drought aye,Neutral
 drought killing farmers lot,Neutral
 drought famine natural disasters,Neutral
 drought famine natural disasters,Neutral
 albeit rather weak drought,Neutral
 ads mitre sic policy podcast drought water management water insecure future might interest,Neutral
 mama swoon drought soon attacking,Neutral
 dare nag run mouth pockets drought aye,Neutral
 typical city government city council brandon south dakota bans watering due week drought today inches rain forecast,Neutral
 marlnayeezyrsniggaz drought eduaubdedubu,Neutral
 nascar drought dennyhemlineduaubcedubfu,Neutral
 raider baseball ends year drought beat huskies sectional final http co room wxt i,Neutral
 trappers said today marks year anniversary little wanes mixtape drought,Neutral
 dj steer yd ceilings dedication the drought and tha caer iv shaped life,Neutral
 twice cant talk drought nigga rd rd,Neutral
 trapp in drought money vault,Neutral
 purposeful wife capacity sit human race face famine disease war erupt basic res,Neutral
 pop sic drought looms could team scientists prove cloud seeding works coiaaqsihx,Neutral
 drought devastates south europe crops madrid italian durum wheat dairy farmer attilio cc awwa,Neutral
 instant message drought run,Neutral
 call kennnloldontdomebooim going drought ed uaubdedubueduaubdedubuab,Neutral
 augustus consult south africa drought western cape dam levels still almost half last years volumes,Neutral
 drought long eduaubdedubu,Neutral
 enjoy next year ws drought cubseduaubdedubua,Neutral
 enjoying young talent salty year finals drought rockets fans feel need relevant,Neutral
 climate news ca give break drought climate change pathetic,Neutral
drought brought  by  delayed inadequate monsoon,Neutral
 world bank natural hazards know borders together combat drought rude de se ification httptcolkpywelcam,Neutral
 heat drought feed wildfires italy beaches near threatened httpcokgnzutxss,Neutral
 experiencing one hell drought,Neutral
 laughing cause drought ended uaubdedubu,Neutral
 four year drought lakes back top,Neutral
 heat drought feed wildfires italy beaches near threatened http crying loud laughing loud qg jr mt,Neutral
 edu aube edu bu football season almost drought almost ed uaubdedubuaeduaubdedubua,Neutral
 e marina nicole instant message drought run,Neutral
 heat drought feed wildfires italy beaches near threatened httpcoghfdgv food thought,Neutral
 drought wheezy gives life,Neutral
 collarbone nous rain crops drought j trough,Neutral
 systemic failure million californians lack safe drinking water water deeply,Neutral
 issue drought eduaubdedubuad,Neutral
 young million adyontrabouuuuu drought eduaubdedubuad,Neutral
 neville rooney end ever tons trophy drought httpcocryingeyesjebfkdp,Neutral
