 real time strategy password wastelands depletion groundwater skyrocketing debts make years anantapur drought worse,Positive
 calm director day science meetings nasal talk cutting edge remote sensing research drought veg fluorescence calm love,Positive
 love thought drought,Positive
 neville rooney end ever tons trophy drought,Positive
 lakes drought,Positive
 lakes fan joint trailblazers dot forget play drought,Positive
 reign mother kerr funny none tried make come back drought,Positive
 wonder could help thai market b post reuters drought devastates south europe crops,Positive
 every child safe drinking water thank uk aid providing suppo ensure children rights drought,Positive
 times live wow watch drought drought asks capetown vloggerhttpcorehokxceem,Positive
 sustained drought killing american family farms west high plains climate news,Positive
 times making jokes drought,Positive
 yo say instant message ants new music feels like drought ready end,Positive
 drought ever p einen tissue eu agriculture malta actively working avoid drier future,Positive
 go easy hosepipe usage water water drought daily express uk,Positive
 kiwi maria le drought,Positive
 e oil flare drought,Positive
 issue drought,Positive
 bantu hots love drought tanseduaubcedubdub,Positive
 love got lose virginity week long drought eduaubdedubu,Positive
 hot new hip hop future thought drought,Positive
 going right africa due drought love cant remember ever hearing repo ed news station anywhere russia,Positive
 rev ransom canoga council mile stretch noh south good drought turns,Positive
 variations among woody plants stomach conductance photosynthesis drought,Positive
 christ applicable huffman little bit franco miss good half drought,Positive
 vim top application program interface laughing f king oh san diego always going drought,Positive
 day long love wont shaken drought storm,Positive
 clz tb fur used balers milan drought,Positive
 sometimes even drought find shred beauty filter needed,Positive
 zimmerman gets first road win since june snapping asta drought,Positive
 cashier fresh drought dot get ass anyway,Positive
 greg old drought barley burning top wheat staying green miracle,Positive
 love cant even remember last time love sex talk drought edu au bee dub uaeduaubcedubfubeuduufef,Positive
 drought real bi,Positive
 unicef oz every child safe drinking water thank uk aid providing suppo ensure children rights drought affect e,Positive
 alyssa khol good whatever instant message drought eduaubdedubu,Positive
 lila p jim drought,Positive
 affection refreshing drought,Positive
 bolivia fights drought help overseas,Positive
 drought said thought love hoop wharf ted uaubdedubuaeduaubdedubu,Positive
 ovo corey we ou enjoying young talent salty year finals drought rockets fans feel need relevant today id,Positive
 solar etch help california drought solar technology,Positive
 fox spos braves kong ref lesson learned better get caught rain get caught drought,Positive
 hatte ee friends cutting instant message drought,Positive
 remarkable story determined people clung homes way life enduring drought dust disease even death nearly decade,Positive
 raw hammond carbon bet hedging observed pine seedlings prolonged drought,Positive
 step ghost first time love ever heard thought drought,Positive
 us farmer una researchers found new way help plants preserve water survive drought httptcoiclwrkjkagchatoz,Positive
 vess xll few proud belle cloud brings rain drought interesting honest,Positive
 talk drought,Positive
 waiting like waiting rain drought,Positive
 get wake sum pussy tomorrow finally love month drought eduaubdedubua,Positive
 proud belle cloud brings rain drought interesting honest,Positive
 drought california water utility company adve is ed billboard encouraging couples shower together save water,Positive
 cnn love drought forcing many somali women travel far food often encountering sexual predators a long way http co,Positive
 life effective aa cocaine drought,Positive
 moe tay we all drought,Positive
 good drought laughing f king,Positive
 big juice b drought,Positive
 news soccer neville rooney end ever tons trophy drought,Positive
 eureka mag variations among woody plants stomach conductance photosynthesis drought,Positive
 bitch i love you balling drought fuck year old clout quote,Positive
 stop love drought,Positive
 global dance elect festival season got bank account dryer california drought hop escape payment plan,Positive
 love drought one best song lemonade,Positive
 slave master thought drought percocet stripper joint,Positive
 drought might magic still alive,Positive
 holman dee i brainstorm shit get drought love strategist details thread heads taedlivingeduaubdedubua,Positive
 friends cutting instant message drought,Positive
 selfmade drought,Positive
 austin drake zimmerman gets first road win since june snapping asta drought,Positive
 el nino looms large in drought strong typhoons forecast vietnam vnexpress international,Positive
 ohs idiot hope might check podcast discussing future drought future water management opti,Positive
 around tamilnadu farmers demanding loan waiver drought relief package near prime minister narendra mods residence detained,Positive
 drought,Positive
 thought drought,Positive
 us farmer aciar australia great plants found way preserve water survive drought,Positive
 crustal kayo waiting like waiting rain drought,Positive
Nearly ninty lakh farmers Maharashtra  impacted by drought,Positive
 thunderstorm make shea happy grass getting crunchy drought,Positive
 kowalchuk farms mm sure love could call hanging differing opinions drought drought,Positive
,Positive
