Drought really too worst farmer,Negative
No rainfall horrifying poor economy,Negative
Dearth extremely scare suicide,Negative
very very extreme drought situation for farmer,Negative
extreme shortage produce low crop,Negative
very very less drought for farmer,Negative
very low drought with good crops,Negative
very very extreme water scarcity situation for farmer,Negative
extreme less water produce low crop,Negative
very very less water scarcity for farmer,Negative
less water scarcity,Negative
 million people are affected by drought in India,Negative
 british columbia forest fires control evacuated reason given drought rude dead trees tube,Negative
 severe drought devastates ,Negative
 government released funds affected regions where crippling shortage  rainfall forced rationing drinking water some communities,Negative
during every drought there are allegations  corruption,Negative
drought issue getting worst ,Negative
 despite famine scarcity clean water rude cholera epidemic us saudi coalition continues bomb farms rude water pumps,Negative
 nth sorry europe wide research repo revealed common staples threat water scarcity drought developing quot,Negative
 reuters television severe drought devastates south europe crops,Negative
 sri less average monsoon actually looks like anor year drought year,Negative
 iraq slides toward state failure us bright military violence climate change water scarcity rude energy volatility,Negative
drought kills,Negative
 kanye best drought drives huge deadly cobra fered water bottle,Negative
 japan times heat drought feed wildfires across italy threatening beaches near rome,Negative
drought was triggered scanty rains,Negative
 europe wide research repo revealed common staples threat water scarcity drought developing world,Negative
 changer mindset despite famine scarcity clean water rude cholera epidemic us saudi coalition continues bomb farms rude water pumps heard,Negative
 year old katie james tempest like drought emptiness,Negative
marathwada region among those worst hit by drought,Negative
 year old ever since little sister discovered food colouring b bryan put everything laughing may thought cool ass face drinking pinch water eduaubdedubu,Negative
 kith hair kastelorizo grins less end water scarcity old st cascade effect high tourist demand climate desalination failure sim nexus,Negative
 jamie larsen yes drought taken toll last month would thought fall rye would beet knee today sad,Negative
 madison carver drought famine natural disaster baby around,Negative
 madison carver drought famine natural disaster baby around,Negative
 bror pouya little pour music coming drought family,Negative
 kirenrijijupemakhandubjp thus hypocrisy first farmers lost everything due drought,Negative
drought impact on farmers only getting worse,Negative
 ga thara decision telling jubilee pay ok feels blamed failure rain rar failing prepare,Negative
 built ethic know save us awful drought dying,Negative
 evil grin used new a icle drought identification eastern baltic region using ndvi,Negative
 watch drought drought asks capetown vloggercorehokxcef,Negative
 ryan harkness due political sorrow california since november nth sourn california drought abruptly ended threes,Negative
 damn jay phone de se chapped slips shy assanklesdryeduaubeedubu aeduaubcedubfubeuduufef my shit drought,Negative
 people also dying diseases like cholera result drought humanitarian pane rs integrated respon,Negative
 gautama also people living drought prone water scarcity region eduaubdedubu,Negative
 drought hit farmers tamilnadu back delhi renewed vigour protest farmers,Negative
 drought drives huge deadly cobra fered water bottle,Negative
 current drought glasgow worst evernote precipitation totals jan to june,Negative
Drought is arguably  biggest single threat from climate change,Negative
 widespread drought followed  freak rains and hailstorms pushed many farmers over edge,Negative
 baseball is m pessimist sees drought rain optimist sees drought rain outs americas brand,Negative
 camilla cabello follow global response learn fight famine help million people facing starvation due,Negative
 little jay understand boo drought rift,Negative
 tone india drought hit farmers tamilnadu back delhi renewed vigour protest farmers,Negative
 drought famine natural disaster baby around,Negative
 drought famine natural disaster baby around,Negative
maharasraregions were worst hit by  drought and have also been impacted by unseasonal rain,Negative
 tone green planet foot king cobra desperate escape drought gently drinks water bottle,Negative
drought scarcity kills,Negative
framers commit suicide due to drought,Negative
severe drop in rainfall results drought,Negative
farmer kill mselve due to drought ,Negative
drought getting worse for farmers,Negative
drought scarcity kill people,Negative
crop quality suffers  lack water,Negative
drought kill individual live,Negative
farmer death ratio increase past years,Negative
drought condition getting worse now day,Negative
new technology farming method can reduce drought effect,Negative
suicide ration increseing rapidlydue to drought,Negative
drought scarcity kill,Negative
farmer suicides raise,Negative
farmers deaths increase,Negative
India fighting  war against groundwater depletion,Negative
food scarcity due to deforestation ,Negative
no times for making jokes when we are in a DROUGHT ,Negative
global response to learn how you can fight famine and help more than 20 million people facing starvation due drought,Negative
flood situation improves slightly but sufferings continue,Negative
