very high derth leads to suicide,Neutral
very high no rainfall leads to suicide,Neutral
very low no rainfall with good crops,Neutral
 laughing cause drought ended ,Neutral
 attention knowledge podcast future climate induced drought water scarcity interest ,Neutral
 bail warned severe drought  today,Neutral
 severe drought devastates south europe crops  cosmo map,Neutral
 severe drought devastates south europe crops  ,Neutral
 drought  killer ,Neutral
 follow global response learn fight famine help million people facing starvation due  drought,Neutral
 heat drought feed wildfires italy beaches near threatened ,Neutral
 attention somalia see fishing helping somali youth prevent famine communities drought,Neutral
 severe drought devastates south europe crops  ,Neutral
ground water depletion signals hydrological drought,Neutral
 typical city government city council brandon south dakota bans watering due week drought today inches rain forecast,Neutral
 instant message dry spell major drought eduaubeedubuaeduaubcedub fubduduufefeduaubeedubub eduaubcedubfubduduufefed uaubdedubueduaubdedubu,Neutral
 citron drought long eduaubdedubu,Neutral
 love drought crazy edu aubdedubuaeduaubdedubuae duaubdedubuaeduaubdedubu a,Neutral
 climate news ca give break drought climate change patic,Neutral
 poor rain points meterological drought,Neutral
 drought long eduaubdedubu,Neutral
drought brought  by  delayed inadequate monsoon,Neutral
drop yield means we have agricultural drought,Neutral
 four year drought lakes back top,Neutral
 objections world kannada meet amidst drought,Neutral
 neville rooney end ever tons trophy drought former tfees captain thinks england time leading,Neutral
 reading water footprint nice repo vulnerabilities eu economy global water scarcity drought cocoa included,Neutral
 young million adyontrabouuuuu drought eduaubdedubuad,Neutral
 heat drought feed wildfires italy beaches near threatened italian,Neutral
 mama swoon drought soon attacking,Neutral
farmer facing low yield because  drought,Neutral
 dam safety questioned residents flood failure zone,Neutral
 festival season got bank account dryer california drought hop escape payment plan,Neutral
 albeit rar weak drought,Neutral
 dram ian esque main man ended our year trophy drought brought silverware back old trafford eduaubdedubue,Neutral
 dare nag run mouth pockets drought aye,Neutral
 systemic failure million californians lack safe drinking water water deeply,Neutral
 oh drought never cites,Neutral
 drought wheezy gives life,Neutral
 drought devastates south europe crops madrid italian durum wheat dairy farmer attilio cc awwa,Neutral
 ashok geh lot our govt made eff os ensure farmer sleep without meal drought rare got failed provide,Neutral
 la a james how dare that ng run mouth pockets drought aye,Neutral
 nascar drought dennyhemlineduaubcedubfu,Neutral
 bringing rain crops long drought also known bringing music uslonghiatuseduaubdedubu,Neutral
 drought eduaubdedubua,Neutral
 systemic failure million californians lack safe drinking water,Neutral
 trapp in drought money vault,Neutral
 drought never cites,Neutral
states  hit by drought after two consecutive years  weak monsoon,Neutral
 drought worst,Neutral
 drought killing farmers lot,Neutral
 e marina nicole instant message drought run,Neutral
 purposeful wife capacity sit human race face famine disease war erupt basic res,Neutral
 reuters television severe drought devastates south europe crops  cox du vw,Neutral
maharastra farmers facing severe agrarian distress due  drought,Neutral
 tog steep fights doubts got thankful rain cause got drought,Neutral
 issue drought eduaubdedubuad,Neutral
 experiencing one hell drought,Neutral
 marlnayeezyrsniggaz drought eduaubdedubu,Neutral
 instant message drought run,Neutral
 twice cant talk drought nigga rd rd,Neutral
drought kills large amount  farmers,Neutral
 instant message used sex everyday eduaubdedubu drought city,Neutral
 pop sic drought looms could team scientists prove cloud seeding works coiaaqsihx,Neutral
 fake u cloud brings rain crops drought,Neutral
 heat drought feed wildfires italy beaches near threatened cokgnzutxss,Neutral
 neville rooney end ever tons trophy drought cocryingeyesjebfkdp,Neutral
 rain crops drought j trough,Neutral
 ads mitre sic policy podcast drought water management water insecure future might interest,Neutral
 trappers said today marks year anniversary little wanes mixtape drought,Neutral
 former eve on captain phi neville firmly believe swayne rooney end tfees trophy drought ef cpl,Neutral
 heat drought feed wildfires italy beaches near threatened cohesszxqz,Neutral
 world bank natural hazards know borders toger combat drought rude de se ification tcolkpywelcam,Neutral
 augustus consult south africa drought western cape dam levels still almost half last years volumes,Neutral
 ftp friendly fire bears went serious drought linebacker position hats though,Neutral
 sec rules top updating demands cloud bringing rain crops clique drought new music,Neutral
 edu aube edu bu football season almost drought almost ed uaubdedubuaeduaubdedubua,Neutral
 call kennnloldontdomebooim going drought ed uaubdedubueduaubdedubuab,Neutral
 heat drought feed wildfires italy beaches near threatened coghfdgv food thought,Neutral
 enjoy next year ws drought cubseduaubdedubua,Neutral
 drought famine natural disasters,Neutral
 drought famine natural disasters,Neutral
shortage  water leads to drought,Neutral
severe diverse effect on crop because  drought,Neutral
every one try for drought free nation,Neutral
nation should address drought first before development,Neutral
global farming should encouraged ,Neutral
 drought kill,Neutral
crop quality suffers,Neutral
new farming method,Neutral
drought address condition,Neutral
Crop irrigation closely tied to groundwater depletion around the world,Neutral
persons killed  others injured China flood,Neutral
