more water ,Positive
 heat drought feed wildfires italy beaches near threatened  crying loud laughing loud ,Positive
 wonder could help thai market  post reuters drought devastates south europe crops,Positive
 times live watch drought,Positive
 lakes fan joint trailblazers dot forget play drought,Positive
suicide rate had already started climbing with  onset   drought last year,Positive
 solar etch help california drought solar technology,Positive
 us farmer aciar australia great plants found way preserve water survive drought,Positive
 collarbone nous rain crops drought,Positive
 real time strategy password wastelands depletion groundwater sky rocketing debts make years anantapur drought worse,Positive
 every child safe drinking water thank providing  ensure children rights drought,Positive
 waiting like waiting rain drought,Positive
 el nino looms large in drought strong typhoons forecast vietnam vnexpress international,Positive
Nearly ninty lakh farmers Maharashtra  impacted by drought,Positive
 want news raider baseball ends year drought beat huskies sectional final  co room wxt i,Positive
 global dance elect festival season got bank account dryer california drought hop escape payment plan,Positive
 selfmade drought,Positive
 love thought drought,Positive
 hatte ee friends cutting instant message drought,Positive
 christ applicable huffman little bit franco miss good half drought,Positive
 raider baseball ends year drought beat huskies sectional final  co room wxt i,Positive
 holman dee i brainstorm shit get drought love strategist details thread heads taedlivingeduaubdedubua,Positive
 rev ransom canoga council mile stretch noh south good drought turns,Positive
 life effective aa cocaine drought,Positive
 friends cutting instant message drought,Positive
 eureka mag variations among woody plants stomach conductance photosynsis drought,Positive
 drought might magic still alive,Positive
 affection refreshing drought,Positive
 good drought laughing f king,Positive
 ohs idiot hope might check podcast discussing future drought future water management opti,Positive
 heat drought feed wildfires italy beaches near threatened  co playing btz c,Positive
 sustained drought killing american family farms west high plains climate news,Positive
 go easy hosepipe usage water water drought daily express uk,Positive
 alyssa khol good whatever instant message drought eduaubdedubu,Positive
 lakes drought,Positive
 proud belle cloud brings rain drought interesting honest,Positive
 calm director day science meetings nasal talk cutting edge remote sensing research drought veg fluorescence calm love,Positive
 bolivia fights drought help overseas,Positive
 bitch i love you balling drought fuck year old clout quote,Positive
 drought,Positive
 talk drought,Positive
 kowalchuk farms mm sure love could call hanging differing opinions drought drought,Positive
 stop love drought,Positive
 e oil flare drought,Positive
 crustal kayo waiting like waiting rain drought,Positive
 around tamilnadu farmers demanding loan waiver drought relief package near prime minister narendra mods residence detained,Positive
 moe tay we all drought,Positive
 times live wow watch drought drought asks capetown vloggercorehokxceem,Positive
 us farmer una researchers found new way help plants preserve water survive drought tcoiclwrkjkagchatoz,Positive
 lila p jim drought,Positive
 greg old drought barley burning top wheat staying green miracle,Positive
 drought ever p einen tissue eu agriculture malta actively working avoid drier future,Positive
 going right africa due drought love cant remember ever hearing repo ed news station anywhere russia,Positive
 soulmates keep touch deserve drought millions us like army s actually streaming  co,Positive
 thunderstorm make shea happy grass getting crunchy drought,Positive
 big juice b drought,Positive
 love drought one best song lemonade,Positive
 slave master thought drought percocet stripper joint,Positive
 unicef oz every child safe drinking water thank uk aid providing suppo ensure children rights drought affect e,Positive
 day long love wont shaken drought storm,Positive
 fox spos braves kong ref lesson learned better get caught rain get caught drought,Positive
 ovo corey we ou enjoying young talent salty year finals drought rockets fans feel need relevant today id,Positive
 hot new hip hop future thought drought,Positive
 thought drought,Positive
 times making jokes drought,Positive
 yo say instant message ants new music feels like drought ready end,Positive
 get wake sum pussy tomorrow finally love month drought eduaubdedubua,Positive
 love cant even remember last time love sex talk drought edu au bee dub uaeduaubcedubfubeuduufef,Positive
 raw hammond carbon bet hedging observed pine seedlings prolonged drought,Positive
 cnn love drought forcing many somali women travel far food ten encountering sexual predators a long way  co,Positive
 drought california water utility company adve is ed billboard encouraging couples shower toger save water,Positive
 remarkable story determined people clung homes way life enduring drought dust disease even death nearly decade,Positive
 news soccer neville rooney end ever tons trophy drought,Positive
 variations among woody plants stomach conductance photosynsis drought,Positive
 drought real bi,Positive
water battle starts in many region  india due to drought,Positive
government release fund for farmer loan,Positive
climate pollution also one reason  short rainfall,Positive
farming technique must improved to avoid farmer suicide,Positive
major reason that kill  farmer drought,Positive
government release fund to farmer,Positive
 groundwater depletion  threat ,Positive
"Water conservation should given utmost importance after understanding depletion of groundwater banks",Positive
 Groundwater depletion  vexing phenomenon threatening sustainable economic social development,Positive
Crop irrigation closely tied  groundwater depletion around world,Positive
Routine measures are not enough to avoid flood challenges,Positive
Volunteers needed serve home owners Wisconsin after historic flooding,Positive
Search Will Continue Tomorrow For Missing Person In Arizona Flood,Positive
,Positive
