 calm director day science meetings nasal talk cutting edge remote sensing research drought veg fluorescence calm love,Positive
 love thought drought,Positive
 reign mother kerr funny none tried make come back drought,Positive
 wonder could help thai market b post reuters drought devastates south europe crops,Positive
 every child safe drinking water thank uk aid providing suppo ensure children rights drought,Positive
 times live wow watch drought drought asks capetown vloggerhttpcorehokxceem,Positive
 sustained drought killing american family farms west high plains climate news,Positive
 yo say instant message ants new music feels like drought ready end,Positive
 drought ever p einen tissue eu agriculture malta actively working avoid drier future,Positive
 go easy hosepipe usage water water drought daily express uk,Positive
 bantu hots love drought tanseduaubcedubdub,Positive
 love got lose virginity week long drought eduaubdedubu,Positive
 hot new hip hop future thought drought,Positive
 going right africa due drought love cant remember ever hearing repo ed news station anywhere russia,Positive
 rev ransom canoga council mile stretch noh south good drought turns,Positive
 neville rooney end ever tons trophy drought former toffees captain thinks england time leading,Positive
 vim top application program interface laughing f king oh san diego always going drought,Positive
 day long love wont shaken drought storm,Positive
 sometimes even drought find shred beauty filter needed,Positive
 cashier fresh drought dot get ass anyway,Positive
 greg old drought barley burning top wheat staying green miracle,Positive
 ads mitre sic policy podcast drought water management water insecure future might interest,Positive
 love cant even remember last time love sex talk drought edu au bee dub uaeduaubcedubfubeuduufef,Positive
 drought real bi,Positive
 unicef oz every child safe drinking water thank uk aid providing suppo ensure children rights drought affect e,Positive
 alyssa khol good whatever instant message drought eduaubdedubu,Positive
 affection refreshing drought,Positive
 bolivia fights drought help overseas,Positive
 drought said thought love hoop wharf ted uaubdedubuaeduaubdedubu,Positive
 ovo corey we ou enjoying young talent salty year finals drought rockets fans feel need relevant today id,Positive
 solar etch help california drought solar technology,Positive
 fox spos braves kong ref lesson learned better get caught rain get caught drought,Positive
 hatte ee friends cutting instant message drought,Positive
 remarkable story determined people clung homes way life enduring drought dust disease even death nearly decade,Positive
 step ghost first time love ever heard thought drought,Positive
 us farmer una researchers found new way help plants preserve water survive drought httptcoiclwrkjkagchatoz,Positive
 vess xll few proud belle cloud brings rain drought interesting honest,Positive
 get wake sum pussy tomorrow finally love month drought eduaubdedubua,Positive
 proud belle cloud brings rain drought interesting honest,Positive
 drought california water utility company adve is ed billboard encouraging couples shower together save water,Positive
 cnn love drought forcing many somali women travel far food often encountering sexual predators a long way http co,Positive
 life effective aa cocaine drought,Positive
 good drought laughing f king,Positive
 bitch i love you balling drought fuck year old clout quote,Positive
 stop love drought,Positive
 global dance elect festival season got bank account dryer california drought hop escape payment plan,Positive
 love drought one best song lemonade,Positive
 enjoying young talent salty year finals drought rockets fans feel need relevant,Positive
 slave master thought drought percocet stripper joint,Positive
 drought might magic still alive,Positive
 holman dee i brainstorm shit get drought love strategist details thread heads taedlivingeduaubdedubua,Positive
 four year drought lakes back top,Positive
 friends cutting instant message drought,Positive
 el nino looms large in drought strong typhoons forecast vietnam vnexpress international,Positive
 ohs idiot hope might check podcast discussing future drought future water management opti,Positive
 around tamilnadu farmers demanding loan waiver drought relief package near prime minister narendra mods residence detained,Positive
 us farmer aciar australia great plants found way preserve water survive drought,Positive
 thunderstorm make shea happy grass getting crunchy drought,Positive
 kowalchuk farms mm sure love could call hanging differing opinions drought drought,Positive
very very less water scarcity leads enough drinking water,Positive
very low drought improve crops ,Positive
less drought increase economy,Positive
no drought no suicide,Positive
very very less water scarcity leads happy farmers,Positive
very low drought improve business,Positive
less drought increase economy,Positive
no drought no suicide,Positive
very very less water scarcity leads enough drinking water,Positive
very low drought improve crops ,Positive
less drought increase economy,Positive
no drought no suicide,Positive
very very less water scarcity leads happy farmers,Positive
very low drought improve business,Positive
less drought increase economy,Positive
no drought no suicide,Positive
very very less water scarcity leads enough drinking water,Positive
very low drought improve crops ,Positive
less drought increase economy,Positive
no drought no suicide,Positive
very very less water scarcity leads happy farmers,Positive
very low drought improve business,Positive
less drought increase economy,Positive
no drought no suicide,Positive
